timestamp,log_type,num_sats,deployed_sats
2024-07-09 07:28:12.870,deploy_start,6,6
2024-07-09 07:28:29.444,deploy_complete,6,6
2024-07-09 07:28:59.639,deploy_start,1,7
2024-07-09 07:29:15.415,deploy_complete,1,7
2024-07-09 07:29:22.292,deploy_start,1,8
2024-07-09 07:29:43.973,deploy_complete,1,8
2024-07-09 07:29:44.792,undeploy_start,3,8
2024-07-09 07:29:46.100,undeploy_complete,3,5
2024-07-09 07:29:57.540,undeploy_start,1,5
2024-07-09 07:29:58.784,undeploy_complete,1,4
2024-07-09 07:30:12.840,undeploy_start,1,4
2024-07-09 07:30:14.064,undeploy_complete,1,3
2024-07-09 07:30:51.897,deploy_start,1,4
2024-07-09 07:31:13.421,deploy_complete,1,4
2024-07-09 07:31:14.337,undeploy_start,1,4
2024-07-09 07:31:15.529,undeploy_complete,1,3
2024-07-09 07:31:21.614,deploy_start,1,4
2024-07-09 07:32:05.492,deploy_complete,1,4
2024-07-09 07:32:06.275,deploy_start,3,7
2024-07-09 07:32:33.828,deploy_complete,3,7
2024-07-09 07:32:33.939,undeploy_start,2,7
2024-07-09 07:32:35.195,undeploy_complete,2,5
2024-07-09 07:32:37.536,deploy_start,1,6
2024-07-09 07:33:03.388,deploy_complete,1,6
2024-07-09 07:33:04.081,deploy_start,1,7
2024-07-09 07:33:27.890,deploy_complete,1,7
2024-07-09 07:33:27.997,undeploy_start,2,7
2024-07-09 07:33:29.395,undeploy_complete,2,5
2024-07-09 07:33:30.044,deploy_start,1,6
2024-07-09 07:34:02.409,deploy_complete,1,6
2024-07-09 07:34:03.140,deploy_start,3,9
2024-07-09 07:34:36.420,deploy_complete,3,9
2024-07-09 07:34:36.527,undeploy_start,2,9
2024-07-09 07:34:38.247,undeploy_complete,2,7
2024-07-09 07:34:39.228,undeploy_start,4,7
2024-07-09 07:34:41.343,undeploy_complete,4,3
2024-07-09 07:34:55.623,undeploy_start,1,3
2024-07-09 07:34:57.093,undeploy_complete,1,2
2024-07-09 07:34:59.929,deploy_start,1,3
2024-07-09 07:35:47.679,deploy_complete,1,3
2024-07-09 07:35:48.628,deploy_start,3,6
2024-07-09 07:37:23.414,deploy_complete,3,6
2024-07-09 07:37:23.521,undeploy_start,1,6
2024-07-09 07:37:23.547,undeploy_complete,1,5
2024-07-09 07:37:24.283,deploy_start,3,8
2024-07-09 07:38:15.406,deploy_complete,3,8
2024-07-09 07:38:15.615,undeploy_start,3,8
2024-07-09 07:38:17.357,undeploy_complete,3,5
2024-07-09 07:38:18.016,deploy_start,1,6
2024-07-09 07:39:00.782,deploy_complete,1,6
2024-07-09 07:39:01.781,deploy_start,1,7
2024-07-09 07:39:41.444,deploy_complete,1,7
2024-07-09 07:39:41.549,undeploy_start,4,7
2024-07-09 07:39:43.548,undeploy_complete,4,3
2024-07-09 07:39:48.183,deploy_start,1,4
2024-07-09 07:40:28.436,deploy_complete,1,4
2024-07-09 07:40:29.286,deploy_start,2,6
