timestamp,client,key,time,cache_hit,len,host,time_ms,sat,distance
2024-07-08 08:16:34.783474,shaniko,/wikipedia/commons/9/90/Kanchipuram.in_Kamakshi-Amman_Temple_-_panoramio_-_SINHA_cropped.jpg0_199,0.066476,False,3600,51.1.celestial:8000/cdn,66.476,1-51,2413.0
2024-07-08 08:16:34.844891,shaniko,/wikipedia/commons/9/90/D095D0BCD0B1_D0B7D0B0D0B3_D0BFD0BED0B2_D181D0B8D0BB_1_2016.png0_199,0.059615,False,509,51.1.celestial:8000/cdn,59.615,1-51,2413.0
2024-07-08 08:16:35.837482,shaniko,/wikipedia/commons/5/59/User-avatar.svgoriginal,0.050611,False,6831,51.1.celestial:8000/cdn,50.611000000000004,1-51,2413.0
2024-07-08 08:16:36.880387,shaniko,/wikipedia/commons/a/a9/November_19682C_GTW_4070_Indiana.jpgoriginal,0.066675,False,294544,51.1.celestial:8000/cdn,66.675,1-51,2413.0
2024-07-08 08:16:37.847720,shaniko,/wikipedia/commons/7/7c/Chlorphenamine.svg400_599,0.058388,False,9479,51.1.celestial:8000/cdn,58.388000000000005,1-51,3917.0
2024-07-08 08:16:38.818779,shaniko,/wikipedia/commons/5/5e/Kyle_White.jpg0_199,0.03107,False,2449,51.1.celestial:8000/cdn,31.07,1-51,3917.0
2024-07-08 08:16:39.856341,shaniko,/wikipedia/commons/c/c1/Sylvester_Stallone_Cannes.jpg200_399,0.067719,False,8288,51.1.celestial:8000/cdn,67.71900000000001,1-51,3917.0
2024-07-08 08:16:40.841050,shaniko,/wikipedia/commons/3/3c/Shashank_Ketkar_Signature.jpg0_199,0.051863,False,991,51.1.celestial:8000/cdn,51.863,1-51,3917.0
2024-07-08 08:16:41.871549,shaniko,/wikipedia/en/5/51/Minecraft_cover.pngoriginal,0.063876,False,85815,51.1.celestial:8000/cdn,63.876000000000005,1-51,3917.0
2024-07-08 08:16:42.828601,shaniko,/wikipedia/commons/c/c3/Status_iucn3.1_NT-fr.svg200_399,0.038967,False,10918,51.1.celestial:8000/cdn,38.967,1-51,3917.0
2024-07-08 08:16:43.864736,shaniko,/wikipedia/commons/8/87/ZographensisColour.jpg400_599,0.057229,False,87051,51.1.celestial:8000/cdn,57.229,1-51,3917.0
2024-07-08 08:16:44.860768,shaniko,/wikipedia/commons/9/95/Usaf.u2.750pix.jpg400_599,0.053329,False,52555,51.1.celestial:8000/cdn,53.329,1-51,3917.0
2024-07-08 08:16:45.829466,shaniko,/wikipedia/commons/a/a5/East_pediment_G_Parthenon_BM.jpg0_199,0.038077,False,9733,51.1.celestial:8000/cdn,38.077,1-51,3917.0
2024-07-08 08:16:46.855025,shaniko,/wikipedia/en/5/50/SAIC_Iveco_Hongyan_logo.svg400_599,0.045598,False,68830,51.1.celestial:8000/cdn,45.598,1-51,3917.0
2024-07-08 08:16:47.824959,shaniko,/wikipedia/commons/9/9d/Yellow_pog.svg0_199,0.033526,False,918,51.1.celestial:8000/cdn,33.526,1-51,3917.0
2024-07-08 08:16:48.823816,shaniko,/wikipedia/commons/4/49/ArrowLeftNavbox.svg0_199,0.031856,False,374,51.1.celestial:8000/cdn,31.856,1-51,3917.0
2024-07-08 08:16:49.841416,shaniko,/wikipedia/en/8/82/MTV_Roadies_official_logo.jpgoriginal,0.046735,False,9483,51.1.celestial:8000/cdn,46.735,1-51,3917.0
2024-07-08 08:16:50.885776,shaniko,/wikipedia/en/4/4a/TarnishedLady.JPG0_199,0.092488,False,226,51.1.celestial:8000/cdn,92.488,1-51,3917.0
2024-07-08 08:16:51.898573,shaniko,/wikipedia/commons/f/ff/Pininfarina_1.jpg400_599,0.090808,False,58385,138.1.celestial:8000/cdn,90.80799999999999,1-51,3917.0
2024-07-08 08:16:52.833247,shaniko,/wikipedia/commons/a/a2/Coproporphyrinogen_III.svg0_199,0.039232,False,1613,138.1.celestial:8000/cdn,39.232000000000006,1-51,3917.0
2024-07-08 08:16:53.867982,shaniko,/wikipedia/commons/c/ce/Granville_Island_Night.jpg200_399,0.06579,False,38695,138.1.celestial:8000/cdn,65.79,1-138,2474.0
2024-07-08 08:16:54.849498,shaniko,/wikipedia/commons/9/96/Herat_Masjidi_Jami_iwan.jpg200_399,0.042302,False,47838,138.1.celestial:8000/cdn,42.302,1-138,2474.0
2024-07-08 08:16:55.856987,shaniko,/wikipedia/commons/5/52/Perkin_triangle_distillation_apparatus.svg200_399,0.055684,False,12681,138.1.celestial:8000/cdn,55.684,1-138,2474.0
2024-07-08 08:16:56.847983,shaniko,/wikipedia/commons/8/89/20220121E28094Nayeon_EB8298EC97B0_Campaign_Film2C_Pearlygates_x_Twice_2022.jpg0_199,0.051192,False,2047,138.1.celestial:8000/cdn,51.192,1-138,2474.0
2024-07-08 08:16:57.862787,shaniko,/wikipedia/commons/4/4a/Pictogram_voting_info.svg0_199,0.063458,False,675,138.1.celestial:8000/cdn,63.458,1-138,2474.0
2024-07-08 08:16:58.868236,shaniko,/wikipedia/commons/0/06/EU-Sweden.svg0_199,0.068527,False,9261,138.1.celestial:8000/cdn,68.527,1-138,2474.0
2024-07-08 08:16:59.870879,shaniko,/wikipedia/commons/6/67/Montana_in_United_States.svg400_599,0.057608,False,85575,138.1.celestial:8000/cdn,57.608,1-138,2474.0
2024-07-08 08:17:00.862071,shaniko,/wikipedia/commons/d/dd/Yale_Wolfs_Head_Society_facade.JPG400_599,0.046204,False,77116,138.1.celestial:8000/cdn,46.204,1-138,2474.0
2024-07-08 08:17:01.929138,shaniko,/wikipedia/commons/d/da/Colette_Brosset_1962-retouche.jpg200_399,0.122474,False,25962,138.1.celestial:8000/cdn,122.474,1-138,2474.0
2024-07-08 08:17:02.853264,shaniko,/wikipedia/commons/9/90/Medal10Astana.png0_199,0.053546,False,23,138.1.celestial:8000/cdn,53.54600000000001,1-138,2474.0
2024-07-08 08:17:03.840220,shaniko,/wikipedia/commons/f/fc/Flag_of_Siam_1855.svg0_199,0.039009,False,3403,138.1.celestial:8000/cdn,39.009,1-138,2474.0
2024-07-08 08:17:04.840742,shaniko,/wikipedia/commons/a/a7/Eynesbury.JPG0_199,0.039949,False,2120,138.1.celestial:8000/cdn,39.949,1-138,2474.0
2024-07-08 08:17:05.887140,shaniko,/wikipedia/commons/3/35/Juice_WRLD_-_Les_Ardentes_2019_cropped.jpg800_999,0.064316,False,136635,138.1.celestial:8000/cdn,64.316,1-138,2474.0
2024-07-08 08:17:06.842311,shaniko,/wikipedia/commons/3/38/Shahid_Afridi_signature.svg200_399,0.037888,False,7450,138.1.celestial:8000/cdn,37.888,1-138,2474.0
2024-07-08 08:17:07.864698,shaniko,/wikipedia/commons/4/46/Flagge_GroC39Fherzogtum_Sachsen-Weimar-Eisenach_1813-1897.svg0_199,0.062135,False,245,116.1.celestial:8000/cdn,62.135000000000005,1-138,2474.0
2024-07-08 08:17:08.862517,shaniko,/wikipedia/commons/c/ce/Japan_sex_by_age_1965.png200_399,0.053792,False,15617,116.1.celestial:8000/cdn,53.792,1-116,2196.0
2024-07-08 08:17:09.910979,shaniko,/wikipedia/commons/6/6d/Ermioni6.jpgoriginal,0.081396,False,225429,116.1.celestial:8000/cdn,81.396,1-116,2196.0
2024-07-08 08:17:10.864285,shaniko,/wikipedia/commons/1/13/UV-ontsmetting_laminaire-vloeikast.JPG200_399,0.048531,False,47011,116.1.celestial:8000/cdn,48.531,1-116,2196.0
2024-07-08 08:17:11.858442,shaniko,/wikipedia/commons/1/1c/Sahara_Hotel_Casino_Las_Vegas_entrance.jpg600_799,0.04052,False,80876,116.1.celestial:8000/cdn,40.52,1-116,2196.0
2024-07-08 08:17:12.856580,shaniko,/wikipedia/commons/5/55/Mycomorphbox_Poison.png0_199,0.05088,False,2415,116.1.celestial:8000/cdn,50.88,1-116,2196.0
2024-07-08 08:17:13.865389,shaniko,/wikipedia/commons/9/91/Silver_medal_icon_S_initial.svg0_199,0.059133,False,1108,116.1.celestial:8000/cdn,59.132999999999996,1-116,2196.0
2024-07-08 08:17:14.878789,shaniko,/wikipedia/commons/0/0e/Map_of_USA_with_state_names_bpy.svg200_399,0.065786,False,33967,116.1.celestial:8000/cdn,65.786,1-116,2196.0
2024-07-08 08:17:15.845491,shaniko,/wikipedia/commons/2/22/Twemoji12_1f4c2.svg0_199,0.038939,False,1129,116.1.celestial:8000/cdn,38.939,1-116,2196.0
2024-07-08 08:17:16.864790,shaniko,/wikipedia/commons/3/3d/Wojtek_at_Winfield_Aerodrome_on_Sunwick_Farm2C_near_Hutton_in_Berwickshire_after_the_war.jpg200_399,0.051846,False,27132,116.1.celestial:8000/cdn,51.846000000000004,1-116,2196.0
2024-07-08 08:17:17.865568,shaniko,/wikipedia/commons/3/3d/Parque_das_NaC3A7C3B5es_31.jpg400_599,0.052007,False,31770,116.1.celestial:8000/cdn,52.007,1-116,2196.0
2024-07-08 08:17:18.849424,shaniko,/wikipedia/commons/c/cc/Dunstaffnage_Castle.jpg0_199,0.040778,False,1656,116.1.celestial:8000/cdn,40.778,1-116,2196.0
2024-07-08 08:17:19.911064,shaniko,/wikipedia/commons/6/63/Range_guitar.svg400_599,0.093305,False,21982,116.1.celestial:8000/cdn,93.30499999999999,1-116,2196.0
2024-07-08 08:17:20.842806,shaniko,/wikipedia/commons/c/c1/Blue_iPod_Nano.jpg0_199,0.03158,False,759,116.1.celestial:8000/cdn,31.58,1-116,2196.0
2024-07-08 08:17:21.884972,shaniko,/wikipedia/commons/f/fa/Rust_Bolt.JPG0_199,0.07363,False,6849,116.1.celestial:8000/cdn,73.63,1-116,2196.0
2024-07-08 08:17:22.849729,shaniko,/wikipedia/commons/4/49/Flag_of_the_United_States_Under_Secretary_of_the_Treasury.svg0_199,0.038464,False,1740,116.1.celestial:8000/cdn,38.464,1-116,2196.0
2024-07-08 08:17:23.833628,shaniko,/wikipedia/commons/9/91/Silver_medal_icon_S_initial.svg0_199,0.013806,True,1108,116.1.celestial:8000/cdn,13.806000000000001,1-116,2196.0
2024-07-08 08:17:24.858409,shaniko,/wikipedia/commons/c/c0/Douai_-_Inauguration_dOrionis2C_le_13_mai_2023_11.jpg0_199,0.044918,False,9861,116.1.celestial:8000/cdn,44.918,1-116,2196.0
2024-07-08 08:17:25.863188,shaniko,/wikipedia/commons/b/ba/Ymyagchenie_zlix_serdec.jpg200_399,0.049775,False,6289,116.1.celestial:8000/cdn,49.775,1-116,2196.0
2024-07-08 08:17:26.848731,shaniko,/wikipedia/commons/4/4e/Sir_Tim_Berners-Lee_cropped.jpg0_199,0.035066,False,3054,116.1.celestial:8000/cdn,35.066,1-116,2196.0
2024-07-08 08:17:27.863094,shaniko,/wikipedia/commons/7/7e/Anne-GaC3ABlle_Riccio.jpg0_199,0.047237,False,8921,116.1.celestial:8000/cdn,47.237,1-116,2196.0
2024-07-08 08:17:28.864036,shaniko,/wikipedia/commons/6/66/Imam_Quli_Khan_1582-16332C_Hyderabad2C_1760-80.jpg0_199,0.048724,False,1305,116.1.celestial:8000/cdn,48.724000000000004,1-116,2196.0
2024-07-08 08:17:29.845910,shaniko,/wikipedia/commons/d/d2/BSicon_v-SHI3l.svg0_199,0.028744,False,530,116.1.celestial:8000/cdn,28.744,1-116,2196.0
2024-07-08 08:17:30.856637,shaniko,/wikipedia/commons/4/46/Anton_Yelchin_2011.jpg0_199,0.038179,False,7853,116.1.celestial:8000/cdn,38.178999999999995,1-116,2196.0
2024-07-08 08:17:31.861123,shaniko,/wikipedia/commons/0/03/NewFlagVikesland.png200_399,0.043632,False,12093,116.1.celestial:8000/cdn,43.632,1-116,2196.0
2024-07-08 08:17:32.892192,shaniko,/wikipedia/commons/d/dc/Shotgun_Mossberg_590.jpg600_799,0.073634,False,11384,116.1.celestial:8000/cdn,73.634,1-116,2196.0
2024-07-08 08:17:33.898312,shaniko,/wikipedia/commons/6/64/Alison_Brie_by_Gage_Skidmore.jpg1000,0.061751,False,171514,116.1.celestial:8000/cdn,61.751,1-116,2196.0
2024-07-08 08:17:34.870563,shaniko,/wikipedia/commons/8/81/7th_Armored_Brigade_change_of_command_ceremony2C_July_2015.jpg400_599,0.039884,False,68270,116.1.celestial:8000/cdn,39.884,1-116,2196.0
2024-07-08 08:17:35.860782,shaniko,/wikipedia/commons/1/12/BSicon_ABZgr.svg0_199,0.040208,False,531,116.1.celestial:8000/cdn,40.208,1-116,2196.0
2024-07-08 08:17:36.882273,shaniko,/wikipedia/commons/8/81/Ambulances_DGH_1_Nationaal_DefilC3A9_2018.jpg200_399,0.050623,False,43673,116.1.celestial:8000/cdn,50.623000000000005,1-116,2196.0
2024-07-08 08:17:37.870698,shaniko,/wikipedia/commons/3/33/Angela-Cartwright-Nov-2005.jpgoriginal,0.043599,False,25532,116.1.celestial:8000/cdn,43.599,1-116,2196.0
2024-07-08 08:17:38.849172,shaniko,/wikipedia/commons/f/fe/Kit_right_arm_ajax2324H.pngoriginal,0.02719,False,473,116.1.celestial:8000/cdn,27.189999999999998,1-116,2196.0
2024-07-08 08:17:39.853678,shaniko,/wikipedia/commons/7/7c/Betsy_Brandt_2012_2.jpg0_199,0.029252,False,7816,116.1.celestial:8000/cdn,29.252,1-116,2196.0
2024-07-08 08:17:40.871917,shaniko,/wikipedia/commons/e/ee/Plotinos.jpg400_599,0.042536,False,33883,116.1.celestial:8000/cdn,42.535999999999994,1-116,2196.0
2024-07-08 08:17:41.852357,shaniko,/wikipedia/commons/e/ed/The_Battle_Cry_of_Freedom2C_G.F._Root_cover.jpg0_199,0.028226,False,6525,116.1.celestial:8000/cdn,28.226000000000003,1-116,2196.0
2024-07-08 08:17:42.858617,shaniko,/wikipedia/commons/e/ec/RedDot.svgoriginal,0.035699,False,471,116.1.celestial:8000/cdn,35.699,1-116,2196.0
2024-07-08 08:17:43.959579,shaniko,/wikipedia/commons/e/ef/Couleuvre_Esculape59.JPG200_399,0.130867,False,23432,116.1.celestial:8000/cdn,130.86700000000002,1-116,2196.0
2024-07-08 08:17:44.874760,shaniko,/wikipedia/commons/a/ad/Yelp_Logo.svg1000,0.039969,False,65782,116.1.celestial:8000/cdn,39.968999999999994,1-116,2196.0
2024-07-08 08:17:45.869572,shaniko,/wikipedia/commons/7/71/Escut_de_Pineda_de_Mar.svg0_199,0.044723,False,8129,116.1.celestial:8000/cdn,44.723,1-116,2196.0
2024-07-08 08:17:46.875322,shaniko,/wikipedia/en/5/53/Cho_Seung-hui_3.jpgoriginal,0.044726,False,15582,116.1.celestial:8000/cdn,44.726,1-116,2196.0
2024-07-08 08:17:47.878645,shaniko,/wikipedia/commons/e/ea/Neox.svg1000,0.039977,False,64424,116.1.celestial:8000/cdn,39.977,1-116,2196.0
2024-07-08 08:17:48.852413,shaniko,/wikipedia/commons/9/91/Silver_medal_icon_S_initial.svg0_199,0.024915,True,1108,116.1.celestial:8000/cdn,24.915,1-116,2196.0
2024-07-08 08:17:49.855306,shaniko,/wikipedia/commons/f/f7/Nuvola_apps_important.svg0_199,0.028752,False,1706,116.1.celestial:8000/cdn,28.752,1-116,2196.0
2024-07-08 08:17:50.872979,shaniko,/wikipedia/commons/a/a5/D797D799D79CD796D795D79F_D79ED7AAD7A7D793D79D.jpg200_399,0.035966,False,27948,116.1.celestial:8000/cdn,35.966,1-116,2196.0
2024-07-08 08:17:51.878435,shaniko,/wikipedia/commons/3/35/Juice_WRLD_-_Les_Ardentes_2019_cropped.jpg400_599,0.039299,False,68318,116.1.celestial:8000/cdn,39.299,1-116,2196.0
2024-07-08 08:17:52.881681,shaniko,/wikipedia/commons/f/ff/Desideria_of_Sweden__Norway_grave_2007.jpg400_599,0.046933,False,36773,116.1.celestial:8000/cdn,46.933,1-116,2196.0
2024-07-08 08:17:53.908685,shaniko,/wikipedia/commons/5/5b/Dixie_Square_Directory.jpgoriginal,0.053999,False,108982,116.1.celestial:8000/cdn,53.998999999999995,1-116,2196.0
2024-07-08 08:17:54.962356,shaniko,/wikipedia/commons/a/ac/Rhagio_mystaceus.jpg200_399,0.049408,False,18331,116.1.celestial:8000/cdn,49.408,1-116,2196.0
2024-07-08 08:17:55.867900,shaniko,/wikipedia/commons/6/66/MC3BCnchen_U1.svg0_199,0.037975,False,403,116.1.celestial:8000/cdn,37.975,1-116,2196.0
2024-07-08 08:17:56.895369,shaniko,/wikipedia/commons/c/c9/Avenger_missile.jpg600_799,0.046972,False,130489,116.1.celestial:8000/cdn,46.972,1-116,2196.0
2024-07-08 08:17:57.893013,shaniko,/wikipedia/commons/3/3a/2021-06-24_13_53_23_View_north_along_Interstate_295_and_U.S._Route_130_from_the_overpass_for_Mid_Atlantic_Parkway_in_West_Deptford_Township2C_Gloucester_County2C_New_Jersey.jpg200_399,0.050484,False,40794,116.1.celestial:8000/cdn,50.484,1-116,2196.0
2024-07-08 08:17:58.898398,shaniko,/wikipedia/commons/1/10/Caleb_Williams_Oklahoma.jpg400_599,0.054245,False,87544,116.1.celestial:8000/cdn,54.245000000000005,1-116,2196.0
2024-07-08 08:17:59.873776,shaniko,/wikipedia/commons/2/2a/Map_of_12_Warlords_in_Anarchy_of_the_12_Warlords.svg200_399,0.036423,False,21895,116.1.celestial:8000/cdn,36.422999999999995,1-116,2196.0
2024-07-08 08:18:00.878171,shaniko,/wikipedia/commons/e/e3/Disneyland_Resort_logo.svg200_399,0.042787,False,8340,116.1.celestial:8000/cdn,42.787,1-116,2196.0
2024-07-08 08:18:01.870682,shaniko,/wikipedia/commons/d/d3/Kit_body_koffenbach2324h.pngoriginal,0.036994,False,794,116.1.celestial:8000/cdn,36.994,1-116,2196.0
2024-07-08 08:18:02.891447,shaniko,/wikipedia/commons/5/54/SapporoCity_Skylines2020.jpg400_599,0.057744,False,37708,116.1.celestial:8000/cdn,57.744,1-116,2196.0
2024-07-08 08:18:03.876336,shaniko,/wikipedia/commons/6/6a/Cinnamomum_camphora_-_KC3B6hlerE28093s_Medizinal-Pflanzen-181.jpg200_399,0.038673,False,13217,116.1.celestial:8000/cdn,38.673,1-116,2196.0
2024-07-08 08:18:04.873493,shaniko,/wikipedia/commons/7/7f/Peaugres_vue_aC3A9rienne_village.jpg0_199,0.039181,False,7890,116.1.celestial:8000/cdn,39.181,1-116,2196.0
2024-07-08 08:18:05.950080,shaniko,/wikipedia/commons/9/9d/Yellow_pog.svg0_199,0.109745,True,918,116.1.celestial:8000/cdn,109.74499999999999,1-116,2196.0
2024-07-08 08:18:06.869933,shaniko,/wikipedia/commons/3/3c/Vladimir_Putin_24.06.2023.jpg200_399,0.035787,False,10963,116.1.celestial:8000/cdn,35.787,1-116,2196.0
2024-07-08 08:18:07.864315,shaniko,/wikipedia/commons/3/3c/Yin_and_Yang_symbol.svg0_199,0.029023,False,2546,116.1.celestial:8000/cdn,29.023,1-116,2196.0
2024-07-08 08:18:08.884522,shaniko,/wikipedia/commons/8/82/Sandi_Toksvig_-_Secret_Comedy_Podcast_-_2013_9468814916_cropped.jpg0_199,0.046619,False,8423,116.1.celestial:8000/cdn,46.619,1-116,2196.0
2024-07-08 08:18:09.878369,shaniko,/wikipedia/en/d/df/Three_Little_Birds_Connie_Talbot_song_cover.jpgoriginal,0.036975,False,22111,116.1.celestial:8000/cdn,36.975,1-116,2196.0
2024-07-08 08:18:10.868276,shaniko,/wikipedia/commons/c/cb/Peter_Paul_Rubens_172.jpg0_199,0.031775,False,2161,116.1.celestial:8000/cdn,31.775,1-116,2196.0
2024-07-08 08:18:11.885155,shaniko,/wikipedia/commons/2/2e/Nankai_logo.svg200_399,0.047697,False,4943,116.1.celestial:8000/cdn,47.697,1-116,2196.0
2024-07-08 08:18:12.878910,shaniko,/wikipedia/commons/0/0e/12-01-03-autostadtl-by-RalfR-32.jpg200_399,0.035426,False,23012,116.1.celestial:8000/cdn,35.426,1-116,2196.0
2024-07-08 08:18:13.895302,shaniko,/wikipedia/commons/b/b7/Pincerno_Hamburg-Meiendorf_001.jpg200_399,0.045617,False,45851,116.1.celestial:8000/cdn,45.617,1-116,2196.0
2024-07-08 08:18:14.935334,shaniko,/wikipedia/commons/0/0c/10_BLog_OR_polowy.pngoriginal,0.064879,False,224697,116.1.celestial:8000/cdn,64.879,1-116,2196.0
2024-07-08 08:18:15.868665,shaniko,/wikipedia/commons/3/3b/Coat_of_arms_of_Unecha_1986.gif0_199,0.0288,False,856,116.1.celestial:8000/cdn,28.8,1-116,2196.0
2024-07-08 08:18:16.870867,shaniko,/wikipedia/commons/2/2e/WilliamLehman.jpg0_199,0.030298,False,667,116.1.celestial:8000/cdn,30.298,1-116,2196.0
2024-07-08 08:18:17.871565,shaniko,/wikipedia/commons/4/4e/SAAF-OR-7.svg0_199,0.030375,False,7791,116.1.celestial:8000/cdn,30.375,1-116,2196.0
2024-07-08 08:18:18.885060,shaniko,/wikipedia/commons/0/00/Fregatte_DEUTSCHLAND_mit_Kanonenboot_um_1850_GemC3A4lde_von_LC3BCder_Arenhold.jpg200_399,0.039691,False,15429,116.1.celestial:8000/cdn,39.690999999999995,1-116,2196.0
2024-07-08 08:18:19.882739,shaniko,/wikipedia/commons/d/d1/Flag_of_German_Empire_jack_1903.svg200_399,0.04006,False,5418,116.1.celestial:8000/cdn,40.059999999999995,1-116,2196.0
2024-07-08 08:18:20.889016,shaniko,/wikipedia/commons/7/72/Tipple_of_Mine_31._Black_Mountain_Corporation2C_30-31_Mines2C_Kenvir2C_Harlan_County2C_Kentucky._-_NARA_-_541267_-_cropped_2.jpg200_399,0.042828,False,17548,116.1.celestial:8000/cdn,42.827999999999996,1-116,2196.0
2024-07-08 08:18:21.884221,shaniko,/wikipedia/commons/e/e0/Fils_MLC22_2.jpg0_199,0.042758,False,9867,116.1.celestial:8000/cdn,42.757999999999996,1-116,2196.0
2024-07-08 08:18:22.888896,shaniko,/wikipedia/en/0/0a/AtlC3A9tico_Clube_Goianiense_logo.svg0_199,0.046761,False,5073,116.1.celestial:8000/cdn,46.760999999999996,1-116,2196.0
2024-07-08 08:18:23.881331,shaniko,/wikipedia/commons/0/0b/Kit_right_arm_atlante2223a.pngoriginal,0.039898,False,392,116.1.celestial:8000/cdn,39.898,1-116,2196.0
2024-07-08 08:18:24.892420,shaniko,/wikipedia/commons/8/87/Kartka_P3_11-83.jpeg400_599,0.043952,False,31649,116.1.celestial:8000/cdn,43.952,1-116,2196.0
2024-07-08 08:18:25.877987,shaniko,/wikipedia/commons/2/20/Par-para.pngoriginal,0.035399,False,8958,116.1.celestial:8000/cdn,35.399,1-116,2196.0
2024-07-08 08:18:26.962858,shaniko,/wikipedia/commons/d/d5/Pyramid_of_35_spheres_animation.giforiginal,0.098399,False,198577,116.1.celestial:8000/cdn,98.399,1-116,2196.0
2024-07-08 08:18:27.891497,shaniko,/wikipedia/commons/a/ab/Prefrontal_cortex.png200_399,0.043514,False,14806,116.1.celestial:8000/cdn,43.513999999999996,1-116,2196.0
2024-07-08 08:18:28.886480,shaniko,/wikipedia/commons/d/d6/Kaya_Steam_Locomotive_Square_to404.jpg200_399,0.037382,False,25165,116.1.celestial:8000/cdn,37.382,1-116,2196.0
2024-07-08 08:18:29.872180,shaniko,/wikipedia/commons/0/08/Fairytale_Trash.svg0_199,0.029045,False,2671,116.1.celestial:8000/cdn,29.045,1-116,2196.0
2024-07-08 08:18:30.875880,shaniko,/wikipedia/commons/e/eb/Kate-Snow-Shankbone-2010-NYC.jpg0_199,0.030375,False,8102,116.1.celestial:8000/cdn,30.375,1-116,2196.0
2024-07-08 08:18:31.874378,shaniko,/wikipedia/commons/d/db/Kay_Kendall_in_The_Adventures_of_Quentin_Durward_trailer.jpg0_199,0.028759,False,682,116.1.celestial:8000/cdn,28.759,1-116,2196.0
2024-07-08 08:18:32.891990,shaniko,/wikipedia/commons/4/49/SC3A9bastien_Rohat_-_Octobre_2013.jpg0_199,0.046339,False,5319,116.1.celestial:8000/cdn,46.339,1-116,2196.0
2024-07-08 08:18:33.897027,shaniko,/wikipedia/commons/7/7e/153_Triangular.gif600_799,0.040333,False,75349,116.1.celestial:8000/cdn,40.333,1-116,2196.0
2024-07-08 08:18:34.884990,shaniko,/wikipedia/commons/c/c5/Coronation_of_Charles_III_Medal_ribbon.png0_199,0.038534,False,860,116.1.celestial:8000/cdn,38.534,1-116,2196.0
2024-07-08 08:18:35.916641,shaniko,/wikipedia/commons/c/cb/Juniperus_communis_kz03.jpg1000,0.051762,False,201195,116.1.celestial:8000/cdn,51.762,1-116,2196.0
2024-07-08 08:18:36.885553,shaniko,/wikipedia/commons/a/a4/Emily_in_Paris_logo.svg0_199,0.03915,False,1631,116.1.celestial:8000/cdn,39.15,1-116,2196.0
2024-07-08 08:18:37.939607,shaniko,/wikipedia/commons/6/68/France_Guyane_Parliament_2021.svg600_799,0.081456,False,46420,116.1.celestial:8000/cdn,81.456,1-116,2196.0
2024-07-08 08:18:38.892857,shaniko,/wikipedia/commons/e/ef/ALDOPromenade.JPG200_399,0.038803,False,31793,116.1.celestial:8000/cdn,38.803,1-116,2196.0
2024-07-08 08:18:39.908378,shaniko,/wikipedia/commons/f/f0/Kunisada2C_Nakamura_Shikan_IV_in_the_role_of_Fuwa_Kazuemon2C_ca._1863.jpg400_599,0.048471,False,68090,116.1.celestial:8000/cdn,48.471000000000004,1-116,2196.0
2024-07-08 08:18:40.901262,shaniko,/wikipedia/commons/3/37/Dendera.jpg200_399,0.044813,False,23228,116.1.celestial:8000/cdn,44.812999999999995,1-116,2196.0
2024-07-08 08:18:41.888852,shaniko,/wikipedia/commons/4/43/Kit_left_arm_adanademir2324h.pngoriginal,0.037378,False,2105,116.1.celestial:8000/cdn,37.378,1-116,2196.0
2024-07-08 08:18:42.903041,shaniko,/wikipedia/commons/f/fa/WaterboardWithCanKhmerRouge.jpg400_599,0.044842,False,37719,116.1.celestial:8000/cdn,44.842,1-116,2196.0
2024-07-08 08:18:43.924398,shaniko,/wikipedia/commons/a/a4/European_countries_by_population_2023.svg400_599,0.055885,False,96067,116.1.celestial:8000/cdn,55.885,1-116,2196.0
2024-07-08 08:18:44.890106,shaniko,/wikipedia/commons/5/52/Spain_traffic_signal_r5.svg0_199,0.037674,False,2967,116.1.celestial:8000/cdn,37.674,1-116,2196.0
2024-07-08 08:18:45.889111,shaniko,/wikipedia/commons/c/c5/Ownership_rate_of_K_cars_2016.png200_399,0.036099,False,12593,116.1.celestial:8000/cdn,36.099,1-116,2196.0
2024-07-08 08:18:46.908987,shaniko,/wikipedia/commons/5/52/WilanC3B3w_JJT16_7968_E28094_1.jpg200_399,0.044402,False,41571,116.1.celestial:8000/cdn,44.401999999999994,1-116,2196.0
2024-07-08 08:18:47.887735,shaniko,/wikipedia/commons/7/74/Hugh_Jackman_at_Comic_Con_2015.JPG0_199,0.033915,False,3979,116.1.celestial:8000/cdn,33.915,1-116,2196.0
2024-07-08 08:18:49.259893,shaniko,/wikipedia/commons/1/1c/Order_of_the_Crown_of_Thailand_-_1st_Class_Thailand_ribbon.svg0_199,0.405211,False,4199,116.1.celestial:8000/cdn,405.211,1-116,2196.0
2024-07-08 08:18:49.911042,shaniko,/wikipedia/commons/0/05/Bundesarchiv_Bild_183-C1031-0044-0112C_Berlin2C_GrenzC3BCbergang_Bahnhof_FriedrichstraC39Fe.jpg200_399,0.054325,False,9685,116.1.celestial:8000/cdn,54.324999999999996,1-116,2196.0
2024-07-08 08:18:50.903297,shaniko,/wikipedia/commons/0/00/Philadelphia_Story_13.jpg200_399,0.045092,False,10830,116.1.celestial:8000/cdn,45.092,1-116,2196.0
2024-07-08 08:18:51.896258,shaniko,/wikipedia/commons/2/2e/Alvaro_Morte_200x290.jpg0_199,0.039505,False,1336,116.1.celestial:8000/cdn,39.504999999999995,1-116,2196.0
2024-07-08 08:18:52.918586,shaniko,/wikipedia/commons/1/1c/Kansas_City_Royals.svg800_999,0.049668,False,57351,116.1.celestial:8000/cdn,49.668,1-116,2196.0
2024-07-08 08:18:53.906238,shaniko,/wikipedia/commons/4/41/George_Butler.jpg0_199,0.048055,False,2994,116.1.celestial:8000/cdn,48.055,1-116,2196.0
2024-07-08 08:18:54.899370,shaniko,/wikipedia/commons/c/cf/Black_hole_-_Messier_87.jpg400_599,0.034855,False,29730,116.1.celestial:8000/cdn,34.855,1-116,2196.0
2024-07-08 08:18:55.940832,shaniko,/wikipedia/en/e/e0/Sydney_FC_Logo.svg1000,0.057083,False,129512,116.1.celestial:8000/cdn,57.083,1-116,3372.0
2024-07-08 08:18:56.915272,shaniko,/wikipedia/commons/4/40/VirginiaPoeBedroom.jpg200_399,0.047303,False,23741,116.1.celestial:8000/cdn,47.303,1-116,3372.0
2024-07-08 08:18:57.910847,shaniko,/wikipedia/commons/4/41/IVECO_Euro-Trakker_Pritschenkipper.jpg200_399,0.042722,False,32148,116.1.celestial:8000/cdn,42.722,1-116,3372.0
2024-07-08 08:18:58.899090,shaniko,/wikipedia/commons/6/6c/Wiesbaden_Stadtfest_2013_Die_Maus_01.JPG0_199,0.038056,False,9657,116.1.celestial:8000/cdn,38.056,1-116,3372.0
2024-07-08 08:19:00.175796,shaniko,/wikipedia/commons/9/9e/Ponte_Rio_Negro.jpg0_199,0.313968,False,2995,116.1.celestial:8000/cdn,313.968,1-116,3372.0
2024-07-08 08:19:00.949996,shaniko,/wikipedia/commons/7/7d/Scutellum-diptera.giforiginal,0.062702,False,154527,116.1.celestial:8000/cdn,62.70199999999999,1-116,3372.0
2024-07-08 08:19:01.893804,shaniko,/wikipedia/commons/6/66/Wikidata-logo-en.svg0_199,0.030313,False,162,116.1.celestial:8000/cdn,30.313,1-116,3372.0
2024-07-08 08:19:02.894395,shaniko,/wikipedia/en/a/a4/Symbol_start_class.svg0_199,0.029873,False,2408,116.1.celestial:8000/cdn,29.873,1-116,3372.0
2024-07-08 08:19:03.914502,shaniko,/wikipedia/commons/e/ec/Mulberry_Plantation_Kershaw_County2C_South_Carolina.jpg200_399,0.049262,False,11305,116.1.celestial:8000/cdn,49.262,1-116,3372.0
2024-07-08 08:19:04.881631,shaniko,/wikipedia/commons/6/66/Wikidata-logo-en.svg0_199,0.015686,True,162,116.1.celestial:8000/cdn,15.685999999999998,1-116,3372.0
2024-07-08 08:19:05.898890,shaniko,/wikipedia/commons/9/91/Flag_of_Perovo_municipality_in_Moscow.png0_199,0.030688,False,7749,116.1.celestial:8000/cdn,30.688,1-116,3372.0
2024-07-08 08:19:06.934207,shaniko,/wikipedia/commons/f/fe/Ashoka_pillar_at_Vaishali2C_Bihar2C_India.jpg400_599,0.051977,False,57706,116.1.celestial:8000/cdn,51.977000000000004,1-116,3372.0
2024-07-08 08:19:07.912417,shaniko,/wikipedia/commons/9/94/Oca.jpg400_599,0.037407,False,20711,116.1.celestial:8000/cdn,37.407000000000004,1-116,3372.0
2024-07-08 08:19:08.906008,shaniko,/wikipedia/commons/d/d1/Kit_shorts_mufc2324a.pngoriginal,0.037532,False,360,116.1.celestial:8000/cdn,37.532000000000004,1-116,3372.0
2024-07-08 08:19:09.961917,shaniko,/wikipedia/commons/3/34/GertrudeStein_JackHemingway_Paris.jpg400_599,0.082385,False,39115,72.1.celestial:8000/cdn,82.385,1-116,3372.0
2024-07-08 08:19:10.930790,shaniko,/wikipedia/commons/c/c2/Catherine_II_the_Legislatress_by_D._Levitskiy_1780s2C_Tretyakov_gallery.jpg400_599,0.045466,False,92887,72.1.celestial:8000/cdn,45.466,1-72,2186.0
2024-07-08 08:19:11.929414,shaniko,/wikipedia/commons/f/f5/GimpelwaldhC3BCtte.JPG0_199,0.058205,False,7389,72.1.celestial:8000/cdn,58.205,1-72,2186.0
2024-07-08 08:19:12.997986,shaniko,/wikipedia/commons/7/72/The_President2C_Smt._Pratibha_Devisingh_Patil_presenting_the_Padma_Shri_Award_to_Prof._Dr._M._Ahmed_Ali2C_at_an_Investiture_Ceremony_II2C_at_Rashtrapati_Bhavan2C_in_New_Delhi_on_April_012C_2011.jpg400_599,0.1144,False,56959,72.1.celestial:8000/cdn,114.4,1-72,2186.0
2024-07-08 08:19:13.993977,shaniko,/wikipedia/commons/8/88/E58FB0E781A3E58D97E68A95E88D89E5B1AFE6B0B4E9A483Nantou2C_Taiwan_Caotun_dumplings.jpg200_399,0.094924,False,41195,72.1.celestial:8000/cdn,94.92399999999999,1-72,2186.0
2024-07-08 08:19:14.961662,shaniko,/wikipedia/commons/2/28/Kurupi-detoured.jpg0_199,0.087057,False,6475,72.1.celestial:8000/cdn,87.057,1-72,2186.0
2024-07-08 08:19:15.958562,shaniko,/wikipedia/commons/5/54/SapporoCity_Skylines2020.jpg200_399,0.080479,False,18854,72.1.celestial:8000/cdn,80.479,1-72,2186.0
2024-07-08 08:19:16.905490,shaniko,/wikipedia/commons/6/62/Roundel_of_South_Africa_1982-2003.svg0_199,0.030201,False,7524,72.1.celestial:8000/cdn,30.200999999999997,1-72,2186.0
2024-07-08 08:19:17.919902,shaniko,/wikipedia/commons/7/7f/Kuta_Bali_Indonesia_Tol-Station-Nusa-Dua-01.jpg200_399,0.039416,False,30008,72.1.celestial:8000/cdn,39.416,1-72,2186.0
2024-07-08 08:19:18.912228,shaniko,/wikipedia/commons/0/01/The_Wyatt_Family.jpg0_199,0.035659,False,5096,72.1.celestial:8000/cdn,35.659000000000006,1-72,2186.0
2024-07-08 08:19:19.918984,shaniko,/wikipedia/commons/0/06/EU-Sweden.svg0_199,0.041981,True,9261,72.1.celestial:8000/cdn,41.980999999999995,1-72,2186.0
2024-07-08 08:19:20.919426,shaniko,/wikipedia/commons/9/91/Medical_Heritage_Library_IA_BIUSante_pharma_000030.pdf200_399,0.037773,False,33921,72.1.celestial:8000/cdn,37.773,1-72,2186.0
2024-07-08 08:19:21.944344,shaniko,/wikipedia/commons/3/33/Karol_Kuzmany.jpg200_399,0.061844,False,21258,72.1.celestial:8000/cdn,61.844,1-72,2186.0
2024-07-08 08:19:23.011235,shaniko,/wikipedia/commons/0/06/Polskie-nazwy_C59BlC485skich_miejscowosci_z_patentu_Fryderyka_II_1750.jpg400_599,0.120272,False,86361,72.1.celestial:8000/cdn,120.272,1-72,2186.0
2024-07-08 08:19:23.917255,shaniko,/wikipedia/commons/8/8a/PEGI_16.svg0_199,0.038998,False,2527,72.1.celestial:8000/cdn,38.998,1-72,2186.0
2024-07-08 08:19:24.977996,shaniko,/wikipedia/commons/3/3c/Yin_and_Yang_symbol.svg0_199,0.099127,True,2546,72.1.celestial:8000/cdn,99.12700000000001,1-72,2186.0
2024-07-08 08:19:25.932374,shaniko,/wikipedia/commons/c/c6/Winston_Churchill_and_Bernard_Baruch_talk_in_car_in_front_of_Baruchs_home2C_14_April_1961.jpg200_399,0.047012,False,38722,72.1.celestial:8000/cdn,47.012,1-72,2186.0
2024-07-08 08:19:26.939798,shaniko,/wikipedia/commons/1/1b/Moscow2C_Hotel_Ukraina_30585861673.jpg400_599,0.047876,False,65715,72.1.celestial:8000/cdn,47.876000000000005,1-72,2186.0
2024-07-08 08:19:27.918653,shaniko,/wikipedia/commons/d/d9/Screen_of_X_Twitter.png0_199,0.037971,False,2381,72.1.celestial:8000/cdn,37.971,1-72,2186.0
2024-07-08 08:19:28.921500,shaniko,/wikipedia/commons/5/58/Cidade_verde_14170.jpg200_399,0.034715,False,21726,72.1.celestial:8000/cdn,34.715,1-72,2186.0
2024-07-08 08:19:29.920813,shaniko,/wikipedia/commons/c/c2/Arctic_silver_3.png0_199,0.037778,False,3559,72.1.celestial:8000/cdn,37.778,1-72,2186.0
2024-07-08 08:19:30.955550,shaniko,/wikipedia/commons/b/b7/TC3A1ssia_Camargo.jpgoriginal,0.055508,False,131053,72.1.celestial:8000/cdn,55.508,1-72,2186.0
2024-07-08 08:19:31.948866,shaniko,/wikipedia/commons/c/c9/Avenger_missile.jpg400_599,0.053876,False,86993,72.1.celestial:8000/cdn,53.876,1-72,2186.0
2024-07-08 08:19:32.905771,shaniko,/wikipedia/commons/4/4a/Pictogram_voting_info.svg0_199,0.021823,True,675,72.1.celestial:8000/cdn,21.823,1-72,2186.0
2024-07-08 08:19:33.933097,shaniko,/wikipedia/commons/9/9a/Landshut_Rathaus_2005.JPG200_399,0.043576,False,28566,72.1.celestial:8000/cdn,43.57599999999999,1-72,2186.0
2024-07-08 08:19:34.923381,shaniko,/wikipedia/commons/4/4d/BK_Whopper_Bar.jpg0_199,0.037038,False,5633,72.1.celestial:8000/cdn,37.038000000000004,1-72,2186.0
2024-07-08 08:19:35.956628,shaniko,/wikipedia/commons/1/15/Robin_Williams_1996.jpg1000,0.054275,False,143922,72.1.celestial:8000/cdn,54.275,1-72,2186.0
2024-07-08 08:19:36.938531,shaniko,/wikipedia/commons/9/9a/Santa_Cruz_y_su_familia.jpg200_399,0.047753,False,31127,72.1.celestial:8000/cdn,47.753,1-72,2186.0
2024-07-08 08:19:37.941985,shaniko,/wikipedia/commons/3/31/A_dog_sitting.jpg400_599,0.051061,False,25425,72.1.celestial:8000/cdn,51.061,1-72,2186.0
2024-07-08 08:19:38.905790,shaniko,/wikipedia/commons/4/4a/Pictogram_voting_info.svg0_199,0.014701,True,675,72.1.celestial:8000/cdn,14.701,1-72,2186.0
2024-07-08 08:19:39.917152,shaniko,/wikipedia/commons/7/7f/Dodo.svgoriginal,0.030027,False,5807,72.1.celestial:8000/cdn,30.027,1-72,2186.0
2024-07-08 08:19:40.925838,shaniko,/wikipedia/commons/4/45/Ernst_Moritz_Hess.jpg0_199,0.03912,False,5623,72.1.celestial:8000/cdn,39.120000000000005,1-72,2186.0
2024-07-08 08:19:41.928211,shaniko,/wikipedia/commons/a/ae/China_E-bike.jpg200_399,0.034284,False,21054,72.1.celestial:8000/cdn,34.284,1-72,2186.0
2024-07-08 08:19:42.917158,shaniko,/wikipedia/commons/c/cb/Kit_body_czvezda2324H.pngoriginal,0.027948,False,539,72.1.celestial:8000/cdn,27.948,1-72,2186.0
2024-07-08 08:19:43.947203,shaniko,/wikipedia/commons/8/87/Shri_P._K._Banerjee2C_at_the_felicitation_ceremony_of_the_members_of_1960_Rome_Olympics_Indian_Football_Team_cropped.jpg400_599,0.04875,False,49608,72.1.celestial:8000/cdn,48.75,1-72,2186.0
2024-07-08 08:19:44.917997,shaniko,/wikipedia/commons/f/fc/Ikoma_mon.svg0_199,0.028706,False,655,72.1.celestial:8000/cdn,28.706,1-72,2186.0
2024-07-08 08:19:45.919890,shaniko,/wikipedia/en/c/cd/SWOSU_Signature.png200_399,0.030181,False,1811,72.1.celestial:8000/cdn,30.181,1-72,2186.0
2024-07-08 08:19:46.941804,shaniko,/wikipedia/commons/9/98/Seika_in_Kyoto_Prefecture_Ja.svg400_599,0.040152,False,69060,72.1.celestial:8000/cdn,40.152,1-72,2186.0
2024-07-08 08:19:47.951400,shaniko,/wikipedia/commons/f/f4/ReichsabteiKornelimuenster.jpg1000,0.044293,False,154040,72.1.celestial:8000/cdn,44.293,1-72,2186.0
2024-07-08 08:19:48.929358,shaniko,/wikipedia/commons/f/f4/Wheelchair_tennis_pictogram_Paralympics.svg0_199,0.036844,False,793,72.1.celestial:8000/cdn,36.844,1-72,2186.0
2024-07-08 08:19:49.931489,shaniko,/wikipedia/commons/3/35/Marmaray_vehicle_inside.jpg400_599,0.034659,False,14353,72.1.celestial:8000/cdn,34.659,1-72,2186.0
2024-07-08 08:19:50.926800,shaniko,/wikipedia/commons/9/9b/Coat_of_arms_of_Birobidzhan.svg0_199,0.03489,False,4078,72.1.celestial:8000/cdn,34.89,1-72,2186.0
2024-07-08 08:19:51.933781,shaniko,/wikipedia/commons/a/ad/Natto_mixed.jpg200_399,0.040577,False,4815,72.1.celestial:8000/cdn,40.577000000000005,1-72,2186.0
2024-07-08 08:19:52.922925,shaniko,/wikipedia/commons/7/75/Small_Pencil_Icon.svg0_199,0.028647,False,611,72.1.celestial:8000/cdn,28.647,1-72,2186.0
2024-07-08 08:19:53.928491,shaniko,/wikipedia/commons/4/47/Kit_shorts_rsociedad2324h.pngoriginal,0.034,False,6686,72.1.celestial:8000/cdn,34.0,1-72,2186.0
2024-07-08 08:19:54.907677,shaniko,/wikipedia/commons/6/66/Wikidata-logo-en.svg0_199,0.013558,True,162,72.1.celestial:8000/cdn,13.558,1-72,2186.0
2024-07-08 08:19:55.924469,shaniko,/wikipedia/commons/2/2c/Linear_A_Sign_A171.svg0_199,0.027907,False,554,72.1.celestial:8000/cdn,27.907,1-72,2186.0
2024-07-08 08:19:56.942962,shaniko,/wikipedia/commons/5/5d/Geely_Yuanjing_X3_01.jpg200_399,0.040414,False,22244,72.1.celestial:8000/cdn,40.414,1-72,2186.0
2024-07-08 08:19:57.926061,shaniko,/wikipedia/commons/1/1c/2021_Peace_Dollar_in_Display_Box.jpg200_399,0.028475,False,5513,72.1.celestial:8000/cdn,28.475,1-72,2186.0
2024-07-08 08:19:58.926366,shaniko,/wikipedia/commons/e/e3/WA-20.svg0_199,0.028837,False,1468,72.1.celestial:8000/cdn,28.837000000000003,1-72,2186.0
2024-07-08 08:19:59.933202,shaniko,/wikipedia/commons/4/44/Sulfur-sample.jpg0_199,0.034727,False,6086,72.1.celestial:8000/cdn,34.727000000000004,1-72,2186.0
2024-07-08 08:20:00.920044,shaniko,/wikipedia/commons/6/66/Wikidata-logo-en.svg0_199,0.022146,True,162,72.1.celestial:8000/cdn,22.146,1-72,2186.0
2024-07-08 08:20:01.943604,shaniko,/wikipedia/commons/c/cc/Blake_Lively_Cannes_2016.jpg200_399,0.043261,False,10244,72.1.celestial:8000/cdn,43.261,1-72,2186.0
2024-07-08 08:20:02.950121,shaniko,/wikipedia/commons/e/ee/Falco_columbarius_distribution_map.png400_599,0.045648,False,31086,72.1.celestial:8000/cdn,45.648,1-72,2186.0
2024-07-08 08:20:03.936262,shaniko,/wikipedia/commons/3/39/Nick_2_logo_2010.svg200_399,0.035536,False,8067,72.1.celestial:8000/cdn,35.536,1-72,2186.0
2024-07-08 08:20:04.941560,shaniko,/wikipedia/commons/4/4f/Flag_of_Hsinchu_City.svg0_199,0.041255,False,240,72.1.celestial:8000/cdn,41.255,1-72,2186.0
2024-07-08 08:20:05.945132,shaniko,/wikipedia/commons/d/d2/Elephant_Bahujan_Samaj_Party.svg0_199,0.043792,False,5298,72.1.celestial:8000/cdn,43.791999999999994,1-72,2186.0
2024-07-08 08:20:06.960563,shaniko,/wikipedia/commons/a/a4/Socrates_Louvre.jpg200_399,0.049219,False,47701,72.1.celestial:8000/cdn,49.219,1-72,2186.0
2024-07-08 08:20:08.061235,shaniko,/wikipedia/commons/1/18/Causapscal.jpg0_199,0.158799,False,5115,72.1.celestial:8000/cdn,158.799,1-72,2186.0
2024-07-08 08:20:08.920262,shaniko,/wikipedia/commons/9/91/Silver_medal_icon_S_initial.svg0_199,0.013015,True,1108,72.1.celestial:8000/cdn,13.015,1-72,2186.0
2024-07-08 08:20:09.951777,shaniko,/wikipedia/commons/9/9b/2010-07-21_G550_NetJets_CS-DKE_EDDF_01.jpg400_599,0.038709,False,67293,72.1.celestial:8000/cdn,38.709,1-72,2186.0
2024-07-08 08:20:10.941051,shaniko,/wikipedia/commons/6/66/Dorogobuzh_COA_2000.png0_199,0.038116,False,1045,72.1.celestial:8000/cdn,38.116,1-72,2186.0
2024-07-08 08:20:11.944279,shaniko,/wikipedia/commons/3/34/GreatWesternForum.jpg200_399,0.035404,False,31560,72.1.celestial:8000/cdn,35.403999999999996,1-72,2186.0
2024-07-08 08:20:12.965186,shaniko,/wikipedia/commons/c/c5/HMS_Blanche_H47_IWM_FL_2352.jpgoriginal,0.050694,False,51551,72.1.celestial:8000/cdn,50.694,1-72,2186.0
2024-07-08 08:20:13.942402,shaniko,/wikipedia/commons/4/45/Banner_of_the_Lordship_of_Ireland.svg0_199,0.038344,False,1866,72.1.celestial:8000/cdn,38.344,1-72,2186.0
2024-07-08 08:20:14.947114,shaniko,/wikipedia/commons/5/5d/Flag_of_Philadelphia2C_Pennsylvania.svg0_199,0.04181,False,2087,72.1.celestial:8000/cdn,41.81,1-72,2186.0
2024-07-08 08:20:15.944193,shaniko,/wikipedia/commons/4/4c/Nr_Rule26b3.giforiginal,0.038106,False,6558,72.1.celestial:8000/cdn,38.106,1-72,2186.0
2024-07-08 08:20:16.945743,shaniko,/wikipedia/commons/3/30/Signatur_Caterina_deE28099_Medici.PNGoriginal,0.034487,False,23353,72.1.celestial:8000/cdn,34.486999999999995,1-72,2186.0
2024-07-08 08:20:17.959115,shaniko,/wikipedia/commons/d/d7/Casazza_vista_02.jpg400_599,0.040447,False,74255,72.1.celestial:8000/cdn,40.446999999999996,1-72,2186.0
2024-07-08 08:20:18.956921,shaniko,/wikipedia/commons/6/6b/Population_density_statistics_canada.gif200_399,0.043994,False,16734,72.1.celestial:8000/cdn,43.994,1-72,2186.0
2024-07-08 08:20:19.949054,shaniko,/wikipedia/commons/8/88/Parato-pontremoli-1.jpg200_399,0.036107,False,20913,72.1.celestial:8000/cdn,36.107,1-72,2186.0
2024-07-08 08:20:20.958739,shaniko,/wikipedia/en/2/27/IggwilvDungeonCover.jpgoriginal,0.039861,False,51801,72.1.celestial:8000/cdn,39.861,1-72,2186.0
2024-07-08 08:20:21.937200,shaniko,/wikipedia/commons/b/b9/Maria_Teresa_dAustria-Teschen.jpg0_199,0.02773,False,6011,72.1.celestial:8000/cdn,27.73,1-72,2186.0
2024-07-08 08:20:22.959581,shaniko,/wikipedia/commons/b/b6/Nemo_Aronax_Atlantis.jpg200_399,0.046104,False,24759,72.1.celestial:8000/cdn,46.104,1-72,2186.0
2024-07-08 08:20:23.948212,shaniko,/wikipedia/en/6/6b/Terrestrial_globe.svg0_199,0.039299,False,7604,72.1.celestial:8000/cdn,39.299,1-72,2186.0
2024-07-08 08:20:24.979794,shaniko,/wikipedia/en/3/33/The_Gangs_All_Here_Skid_Row_album.jpgoriginal,0.053853,False,107811,72.1.celestial:8000/cdn,53.853,1-72,2186.0
2024-07-08 08:20:25.967010,shaniko,/wikipedia/commons/3/3b/Logo_RMC_Sport_1_2018.svg1000,0.045692,False,85986,72.1.celestial:8000/cdn,45.692,1-72,2186.0
2024-07-08 08:20:26.953385,shaniko,/wikipedia/zh/7/78/Gulong100.jpgoriginal,0.041502,False,9642,72.1.celestial:8000/cdn,41.501999999999995,1-72,2186.0
2024-07-08 08:20:27.984271,shaniko,/wikipedia/commons/3/37/Maledives_location_map.svg1000,0.057689,False,130988,72.1.celestial:8000/cdn,57.689,1-72,2186.0
2024-07-08 08:20:28.941943,shaniko,/wikipedia/commons/0/0e/Emblem_of_Transitional_Government_of_Ethiopia.svg0_199,0.029425,False,8056,72.1.celestial:8000/cdn,29.425,1-72,2186.0
2024-07-08 08:20:29.940849,shaniko,/wikipedia/commons/9/91/Silver_medal_icon_S_initial.svg0_199,0.028136,True,1108,72.1.celestial:8000/cdn,28.136000000000003,1-72,2695.0
2024-07-08 08:20:30.959543,shaniko,/wikipedia/commons/9/91/POL_GdaC584sk_COA.svg0_199,0.048041,False,4493,72.1.celestial:8000/cdn,48.041,1-72,3721.0
2024-07-08 08:20:31.994543,shaniko,/wikipedia/commons/0/0f/Lhborbits.png800_999,0.055861,False,118587,72.1.celestial:8000/cdn,55.861000000000004,1-72,3721.0
2024-07-08 08:20:32.961447,shaniko,/wikipedia/commons/7/73/Flag_of_Genoa.svg0_199,0.048624,False,140,72.1.celestial:8000/cdn,48.624,1-72,3721.0
2024-07-08 08:20:33.962295,shaniko,/wikipedia/commons/b/bd/Byzantine_agriculture.jpg200_399,0.039988,False,22272,72.1.celestial:8000/cdn,39.988,1-72,3721.0
2024-07-08 08:20:34.963230,shaniko,/wikipedia/commons/b/bc/Coral_Castle_3.jpg200_399,0.040117,False,14911,72.1.celestial:8000/cdn,40.117,1-72,3721.0
2024-07-08 08:20:35.958034,shaniko,/wikipedia/commons/6/67/Naval_Ensign_of_Malaysia.svg0_199,0.041748,False,1315,72.1.celestial:8000/cdn,41.748,1-72,3721.0
2024-07-08 08:20:36.945323,shaniko,/wikipedia/commons/d/d9/Screen_of_X_Twitter.png0_199,0.028371,True,2381,72.1.celestial:8000/cdn,28.371,1-72,3721.0
2024-07-08 08:20:37.950865,shaniko,/wikipedia/commons/6/65/Bianco_e_Blu.png0_199,0.0334,False,425,72.1.celestial:8000/cdn,33.4,1-72,3721.0
2024-07-08 08:20:38.991220,shaniko,/wikipedia/commons/0/0d/Secular_States_Map.svg400_599,0.053598,False,72491,72.1.celestial:8000/cdn,53.598,1-72,3721.0
2024-07-08 08:20:40.001352,shaniko,/wikipedia/commons/8/88/Detailed_SVG_map_of_the_Anglophone_world.svg400_599,0.064635,False,62790,72.1.celestial:8000/cdn,64.63499999999999,1-72,3721.0
2024-07-08 08:20:40.974305,shaniko,/wikipedia/commons/1/1c/Kansas_City_Royals.svg200_399,0.047139,False,14338,72.1.celestial:8000/cdn,47.139,1-72,3721.0
2024-07-08 08:20:41.972149,shaniko,/wikipedia/commons/1/1c/Japanese_Route_Sign_Number_2.svg0_199,0.050122,False,729,72.1.celestial:8000/cdn,50.122,1-72,3721.0
2024-07-08 08:20:42.969995,shaniko,/wikipedia/commons/f/f2/Kit_shorts_atlantahawks_association2021.pngoriginal,0.046654,False,5629,72.1.celestial:8000/cdn,46.654,1-72,3721.0
2024-07-08 08:20:43.977369,shaniko,/wikipedia/commons/4/40/Fallout_logo.svg400_599,0.046697,False,15472,72.1.celestial:8000/cdn,46.697,1-72,3721.0
